step	exit_code	sha256_log
frontend-install	0	a09b3fc2e5d11b6b7921856da8c6d7599d6237265081441ab6cfe157b32bfcc8
frontend-audit-policy	0	28fcd4783384701103e6f64d0c45db8eddc0386f512867fbdfd0b7aa70fca19e
frontend-lint	0	805ff515d38821124cf0b90bf2daecfbdff1537ece0a4481fe71a6f53e24a890
frontend-typecheck	0	4c6d2b76f13ecd539eaffea8a0783dc9f85b59f186cd3d1bcf4e90a83d8e455a
frontend-karma	0	ef342f942605b1d8bf5b851311baf5c6fa00f2cf2d0bb85e7a768ea058fd0660
frontend-build	0	51c40b50a0e19b271375258021480cc105d199bb0572ebf83267689daf0f5a3e
invitation-regression-red	1	58652962e5686c2315b7d8e959bd6513f3c41becb66e19201c509e0f07b4386f
invitation-regression-green	0	a6689c74770fb0baee0ba14e7f53bc3ae35d47fce06977987008de94ccae6da3
caddy-zlib-runtime-drill	0	5761f319badf1d9b6dec3329282b5e6b007e65706d369c5cd1d820ac4e3484db
caddy-full-vulnerability-report	0	6c6a8197bdf951e3f120eb11e0d97dd279a958bde01aa423d7d869b0872b8ee4
compose-contract	0	7410f8dfd2a83673959f7b973e76b8e099aff8b32c05f0513d53a256f92dde8f
image-digests-offline	0	f7daaf1a2ce1df49fc856aaec84ed153915f8f1a56576745eb6c0c255dc2c0b7
working-tree-secret-scan	0	383810760abb90143c125c3cf017d3a7a5886bafa2c2e26e58f9cf9b5c89f1e5
